{
"autoplayBgm":true,"autoplayBgs":false,"battleback1Name":"Wood1","battleback2Name":"Room1","bgm":{"name":"Field1","pan":0,"pitch":100,"volume":50},"bgs":{"name":"","pan":0,"pitch":100,"volume":90},"disableDashing":false,"displayName":"","encounterList":[],"encounterStep":30,"height":15,"note":"","parallaxLoopX":false,"parallaxLoopY":false,"parallaxName":"","parallaxShow":true,"parallaxSx":0,"parallaxSy":0,"scrollType":0,"specifyBattleback":true,"tilesetId":3,"width":13,
"data":[1536,1536,1536,1536,1536,1536,1536,1536,1536,1536,1536,1536,1536,1536,6835,6833,6833,6833,6833,6833,6833,6833,6833,6833,6837,1536,1536,6832,7043,7042,7042,7042,7042,7042,7042,7042,7046,6832,1536,1536,6832,7049,7048,7048,7048,7048,7048,7048,7048,7052,6832,1536,1536,6832,2850,2836,2836,2836,2836,2836,2836,2836,2852,6832,1536,1536,6832,2832,2816,2816,2816,2816,2816,2816,2816,2840,6832,1536,1536,6832,2832,2816,2816,2816,2816,2816,2816,2816,2840,6832,1536,1536,6832,2832,2816,2816,2820,2844,2844,2844,2844,2854,6832,1536,1536,6832,2832,2816,2816,2840,3723,3713,3713,3713,3725,6832,1536,1536,6832,2832,2816,2816,2818,2836,2836,2836,2836,2852,6832,1536,1536,6832,2832,2816,2816,2816,2816,2816,2816,2816,2840,6832,1536,1536,6832,2832,2816,2816,2816,2816,2816,2816,2816,2840,6832,1536,1536,6832,2856,2844,2844,2844,2828,2844,2844,2844,2854,6832,1536,1536,6841,6833,6833,6833,6837,2848,6835,6833,6833,6833,6839,1536,1536,1536,1536,1536,1536,6832,2848,6832,1536,1536,1536,1536,1536,0,0,0,0,0,0,0,0,0,0,0,0,0,0,0,0,0,0,0,0,0,0,0,0,0,0,0,0,0,0,0,0,0,0,0,0,0,0,0,0,0,0,0,0,0,0,0,0,0,0,0,0,0,0,0,0,0,0,3194,0,0,0,0,0,0,0,0,0,0,0,0,3184,0,0,0,0,0,0,0,0,3186,3172,3188,0,3184,0,0,0,0,0,0,0,0,3192,3180,3190,0,3193,3185,3185,3185,3197,0,0,0,0,0,0,0,0,0,0,0,0,0,0,0,0,0,0,0,0,0,0,0,0,0,0,0,0,0,0,3186,3172,3188,0,0,0,0,0,0,0,0,0,0,3192,3180,3190,0,0,0,0,0,0,0,0,0,0,0,0,0,0,0,0,0,0,0,0,0,0,0,0,0,0,0,0,0,0,0,0,0,0,0,0,0,0,0,0,0,0,0,0,0,0,0,0,0,0,0,0,0,0,0,0,0,0,0,0,0,0,0,0,0,0,0,0,0,0,0,0,0,0,0,0,0,0,0,0,0,0,0,0,0,0,0,0,67,0,0,0,0,0,0,0,0,0,0,0,0,75,0,0,0,0,0,0,0,0,0,0,0,0,0,0,0,0,0,0,0,0,0,0,0,0,0,0,0,0,0,0,0,0,0,0,0,0,0,0,0,0,0,0,0,0,0,0,0,0,0,0,0,0,0,0,0,0,0,0,0,0,0,0,0,0,0,0,0,0,0,0,0,0,0,0,0,0,0,0,0,0,0,0,0,0,0,0,0,0,0,0,0,0,0,0,0,0,0,0,0,0,0,0,0,0,0,0,0,0,0,0,0,0,0,0,0,0,0,0,0,0,0,0,0,0,0,0,0,0,0,0,0,0,0,0,0,0,0,0,0,0,0,0,0,0,0,0,0,0,0,0,0,0,0,0,0,0,0,0,0,0,0,0,0,0,0,0,0,0,0,0,397,398,0,32,0,0,32,0,0,0,0,68,66,67,68,393,40,70,71,40,0,0,0,0,76,74,75,76,341,0,78,79,209,0,0,0,0,12,0,0,0,367,0,0,0,0,0,0,0,0,374,375,362,0,357,0,0,104,0,0,0,0,0,357,358,358,0,370,372,0,329,0,0,0,0,0,0,0,0,0,0,0,0,0,0,0,0,0,0,4,0,0,0,0,0,0,0,0,0,0,0,0,354,356,353,0,0,0,68,65,64,0,0,0,0,363,361,366,0,0,0,76,73,72,0,0,0,0,0,0,0,0,0,0,0,0,0,0,0,0,0,0,0,0,0,0,0,0,0,0,0,0,0,0,0,0,0,0,0,0,0,0,0,0,0,0,0,0,0,0,0,0,0,0,0,0,0,0,0,0,0,0,0,0,0,0,0,0,0,0,0,0,0,0,0,0,0,0,0,0,0,0,0,5,0,0,0,0,0,0,0,0,0,0,0,0,5,0,0,5,0,0,0,0,0,0,0,5,0,5,0,0,5,0,0,0,0,0,0,0,0,0,5,0,0,5,0,0,0,0,0,0,0,0,0,5,0,0,5,0,0,0,0,0,0,0,0,0,5,0,0,5,0,0,0,0,0,0,0,0,0,5,0,0,5,0,0,0,0,0,0,0,0,0,5,0,0,5,0,0,0,0,0,0,0,0,0,5,0,0,5,0,0,0,0,0,0,0,0,0,5,0,0,5,0,0,0,0,0,0,0,0,0,5,0,0,0,0,0,0,0,0,0,0,0,0,5,0,0,0,0,0,0,5,0,5,0,0,0,0,0,0,0,0,0,0,0,0,0,0,0,0,0,0,0,0,0,0,0,0,0,0,0,0,0,0,0,0,0,0,0,0,0,0,0,0,0,0,0,0,0,0,0,0,0,0,0,0,0,0,0,0,0,0,0,0,0,0,0,0,0,0,0,0,0,0,0,0,0,0,0,0,0,0,0,0,0,0,0,0,0,0,0,0,0,0,0,0,0,0,0,0,0,0,0,0,0,0,0,0,0,0,0,0,0,0,0,0,0,0,0,0,0,0,0,0,0,0,0,0,0,0,0,0,0,0,0,0,0,0,0,0,0,0,0,0,0,0,0,0,0,0,0,0,0,0,0,0,0,0,0,0,0,0,0,0,0,0,0,0,0,0,0,0,0,0,0,0,0,0,0,0,0,0,0,0,0,0,0,0,0,0,0,0,0,0,0,0,0,0,0,0,0,0,0],
"events":[
null,
{"id":1,"name":"EV001","note":"","pages":[{"conditions":{"actorId":1,"actorValid":false,"itemId":1,"itemValid":false,"selfSwitchCh":"A","selfSwitchValid":false,"switch1Id":1,"switch1Valid":false,"switch2Id":1,"switch2Valid":false,"variableId":1,"variableValid":false,"variableValue":0},"directionFix":true,"image":{"tileId":0,"characterName":"!Flame","direction":4,"pattern":1,"characterIndex":1},"list":[{"code":0,"indent":0,"parameters":[]}],"moveFrequency":3,"moveRoute":{"list":[{"code":0,"parameters":[]}],"repeat":true,"skippable":false,"wait":false},"moveSpeed":3,"moveType":0,"priorityType":1,"stepAnime":true,"through":false,"trigger":0,"walkAnime":true}],"x":6,"y":2},
{"id":2,"name":"EV002","note":"","pages":[{"conditions":{"actorId":1,"actorValid":false,"itemId":1,"itemValid":false,"selfSwitchCh":"A","selfSwitchValid":false,"switch1Id":1,"switch1Valid":false,"switch2Id":1,"switch2Valid":false,"variableId":1,"variableValid":false,"variableValue":0},"directionFix":false,"image":{"characterIndex":0,"characterName":"","direction":2,"pattern":0,"tileId":0},"list":[{"code":201,"indent":0,"parameters":[0,7,0,0,0,0]},{"code":0,"indent":0,"parameters":[]}],"moveFrequency":3,"moveRoute":{"list":[{"code":0,"parameters":[]}],"repeat":true,"skippable":false,"wait":false},"moveSpeed":3,"moveType":0,"priorityType":0,"stepAnime":false,"through":false,"trigger":0,"walkAnime":true}],"x":6,"y":14},
{"id":3,"name":"shopkeeper","note":"","pages":[{"conditions":{"actorId":1,"actorValid":false,"itemId":1,"itemValid":false,"selfSwitchCh":"A","selfSwitchValid":false,"switch1Id":1,"switch1Valid":false,"switch2Id":1,"switch2Valid":false,"variableId":1,"variableValid":false,"variableValue":0},"directionFix":false,"image":{"tileId":0,"characterName":"People1","direction":2,"pattern":1,"characterIndex":5},"list":[{"code":101,"indent":0,"parameters":["People1",5,0,2]},{"code":401,"indent":0,"parameters":["\\{Shopkeeper:\\}"]},{"code":401,"indent":0,"parameters":["What do you want to buy?"]},{"code":101,"indent":0,"parameters":["Actor1",0,0,2]},{"code":401,"indent":0,"parameters":["\\{\\N[1]:\\}"]},{"code":401,"indent":0,"parameters":["I want to buy a women's suit."]},{"code":213,"indent":0,"parameters":[0,9,false]},{"code":101,"indent":0,"parameters":["People1",5,0,2]},{"code":401,"indent":0,"parameters":["\\{Shopkeeper:\\}"]},{"code":401,"indent":0,"parameters":["Women's suit? For your girlfriend?"]},{"code":101,"indent":0,"parameters":["People1",5,0,2]},{"code":401,"indent":0,"parameters":["\\{Shopkeeper:\\}"]},{"code":401,"indent":0,"parameters":["Then I must choose a beautiful one for you."]},{"code":213,"indent":0,"parameters":[-1,6,false]},{"code":101,"indent":0,"parameters":["Actor1",0,0,2]},{"code":401,"indent":0,"parameters":["\\{\\N[1]:\\}"]},{"code":401,"indent":0,"parameters":["No! No! No!"]},{"code":101,"indent":0,"parameters":["Actor1",0,0,2]},{"code":401,"indent":0,"parameters":["\\{\\N[1]:\\}"]},{"code":401,"indent":0,"parameters":["She's not my girlfriend!"]},{"code":101,"indent":0,"parameters":["People1",5,0,2]},{"code":401,"indent":0,"parameters":["\\{Shopkeeper:\\}"]},{"code":401,"indent":0,"parameters":["Well, I remember I put the most beautiful"]},{"code":401,"indent":0,"parameters":["one in my room."]},{"code":101,"indent":0,"parameters":["People1",5,0,2]},{"code":401,"indent":0,"parameters":["\\{Shopkeeper:\\}"]},{"code":401,"indent":0,"parameters":["But now, I have something urgent to do."]},{"code":101,"indent":0,"parameters":["People1",5,0,2]},{"code":401,"indent":0,"parameters":["\\{Shopkeeper:\\}"]},{"code":401,"indent":0,"parameters":["Go and get it for yourself."]},{"code":101,"indent":0,"parameters":["People1",5,0,2]},{"code":401,"indent":0,"parameters":["\\{Shopkeeper:\\}"]},{"code":401,"indent":0,"parameters":["By the way, my room is upstairs. Go and get"]},{"code":401,"indent":0,"parameters":["it for yourself."]},{"code":121,"indent":0,"parameters":[5,5,0]},{"code":205,"indent":0,"parameters":[3,{"list":[{"code":2,"indent":null},{"code":4,"indent":null},{"code":4,"indent":null},{"code":4,"indent":null},{"code":4,"indent":null},{"code":2,"indent":null},{"code":2,"indent":null},{"code":39,"indent":null},{"code":0}],"repeat":false,"skippable":false,"wait":true}]},{"code":505,"indent":0,"parameters":[{"code":2,"indent":null}]},{"code":505,"indent":0,"parameters":[{"code":4,"indent":null}]},{"code":505,"indent":0,"parameters":[{"code":4,"indent":null}]},{"code":505,"indent":0,"parameters":[{"code":4,"indent":null}]},{"code":505,"indent":0,"parameters":[{"code":4,"indent":null}]},{"code":505,"indent":0,"parameters":[{"code":2,"indent":null}]},{"code":505,"indent":0,"parameters":[{"code":2,"indent":null}]},{"code":505,"indent":0,"parameters":[{"code":39,"indent":null}]},{"code":0,"indent":0,"parameters":[]}],"moveFrequency":3,"moveRoute":{"list":[{"code":0,"parameters":[]}],"repeat":true,"skippable":false,"wait":false},"moveSpeed":3,"moveType":0,"priorityType":1,"stepAnime":false,"through":false,"trigger":0,"walkAnime":true}],"x":6,"y":9},
{"id":4,"name":"EV004","note":"","pages":[{"conditions":{"actorId":1,"actorValid":false,"itemId":1,"itemValid":false,"selfSwitchCh":"A","selfSwitchValid":false,"switch1Id":1,"switch1Valid":false,"switch2Id":1,"switch2Valid":false,"variableId":1,"variableValid":false,"variableValue":0},"directionFix":false,"image":{"characterIndex":0,"characterName":"","direction":2,"pattern":0,"tileId":0},"list":[{"code":101,"indent":0,"parameters":["People1",5,0,2]},{"code":401,"indent":0,"parameters":["\\{Shopkeeper:\\}"]},{"code":401,"indent":0,"parameters":["What are you doing?"]},{"code":0,"indent":0,"parameters":[]}],"moveFrequency":3,"moveRoute":{"list":[{"code":0,"parameters":[]}],"repeat":true,"skippable":false,"wait":false},"moveSpeed":3,"moveType":0,"priorityType":0,"stepAnime":false,"through":false,"trigger":0,"walkAnime":true},{"conditions":{"actorId":1,"actorValid":false,"itemId":1,"itemValid":false,"selfSwitchCh":"A","selfSwitchValid":false,"switch1Id":5,"switch1Valid":true,"switch2Id":1,"switch2Valid":false,"variableId":1,"variableValid":false,"variableValue":0},"directionFix":false,"image":{"characterIndex":0,"characterName":"","direction":2,"pattern":0,"tileId":0},"list":[{"code":201,"indent":0,"parameters":[0,5,3,10,0,0]},{"code":0,"indent":0,"parameters":[]}],"moveFrequency":3,"moveRoute":{"list":[{"code":0,"parameters":[]}],"repeat":true,"skippable":false,"wait":false},"moveSpeed":3,"moveType":0,"priorityType":0,"stepAnime":false,"through":false,"trigger":0,"walkAnime":true}],"x":2,"y":9}
]
}