[
null,
{"id":1,"expanded":true,"name":"ChapterOneTown","order":1,"parentId":0,"scrollX":2886,"scrollY":2859},
{"id":2,"expanded":false,"name":"医院","order":3,"parentId":1,"scrollX":1110,"scrollY":843},
{"id":3,"expanded":false,"name":"ChapterOneHome","order":2,"parentId":1,"scrollX":874,"scrollY":859},
{"id":4,"expanded":false,"name":"ChapterTwoHos","order":5,"parentId":1,"scrollX":1110,"scrollY":1077},
{"id":5,"expanded":false,"name":"Chapter3migong","order":4,"parentId":1,"scrollX":874,"scrollY":860},
{"id":6,"expanded":true,"name":"Shop2","order":7,"parentId":1,"scrollX":832,"scrollY":640},
{"id":7,"expanded":true,"name":"Shop1","order":6,"parentId":1,"scrollX":874,"scrollY":860},
{"id":8,"expanded":false,"name":"work place","order":8,"parentId":1,"scrollX":1110,"scrollY":1077},
{"id":9,"expanded":false,"name":"酒店 1F","order":9,"parentId":1,"scrollX":874,"scrollY":859},
{"id":10,"expanded":false,"name":"塔 1F","order":10,"parentId":1,"scrollX":1453.2,"scrollY":1414.2},
{"id":11,"expanded":false,"name":"转移空间","order":11,"parentId":1,"scrollX":524.4,"scrollY":515.4},
{"id":12,"expanded":false,"name":"民居 2","order":12,"parentId":1,"scrollX":524.4,"scrollY":515.4}
]